"","id","location","core_assisted","session_rpe"
"1",1521,2,"assisted",14
"2",801,22,"assisted",17
"3",1586,17,"assisted",13
"4",1612,22,"assisted",14
"5",729,19,"assisted",13
"6",94,13,"assisted",18
"7",713,22,"assisted",15
"8",1406,3,"assisted",14
"9",575,1,"assisted",14
"10",941,15,"assisted",13
"11",892,8,"assisted",13
"12",936,23,"assisted",15
"13",1630,3,"assisted",19
"14",1113,15,"assisted",15
"15",479,28,"assisted",14
"16",105,24,"assisted",14
"17",972,15,"assisted",15
"18",1226,8,"assisted",7
"19",830,17,"assisted",15
"20",1459,15,"assisted",14
"21",870,15,"assisted",15
"22",58,4,"assisted",15
"23",1606,8,"assisted",18
"24",86,22,"assisted",11
"25",868,15,"assisted",15
"26",296,8,"assisted",16
"27",474,20,"assisted",18
"28",1041,3,"assisted",15
"29",132,25,"assisted",15
"30",79,14,"assisted",13
"31",393,27,"assisted",16
"32",932,4,"assisted",13
"33",103,25,"assisted",16
"34",883,25,"assisted",16
"35",1594,24,"assisted",13
"36",985,6,"assisted",9
"37",463,14,"assisted",16
"38",1186,2,"assisted",13
"39",1242,8,"assisted",14
"40",212,8,"assisted",13
"41",303,11,"assisted",18
"42",471,4,"assisted",14
"43",480,15,"assisted",14
"44",1646,14,"assisted",14
"45",1661,27,"assisted",15
"46",80,3,"assisted",18
"47",672,17,"assisted",13
"48",1218,9,"assisted",12
"49",145,22,"assisted",13
"50",840,17,"assisted",13
"51",1549,13,"assisted",13
"52",338,19,"assisted",13
"53",538,13,"assisted",16
"54",24,8,"assisted",14
"55",815,7,"assisted",13
"56",1193,7,"assisted",15
"57",868,15,"assisted",15
"58",511,9,"assisted",17
"59",1444,12,"assisted",19
"60",425,21,"assisted",10
"61",1022,24,"assisted",8
"62",917,15,"assisted",16
"63",1404,22,"assisted",16
"64",112,8,"assisted",17
"65",442,9,"assisted",7
"66",446,15,"assisted",14
"67",95,15,"assisted",13
"68",1479,16,"assisted",16
"69",1197,6,"assisted",8
"70",652,8,"assisted",17
"71",1365,15,"assisted",15
"72",1522,23,"assisted",16
"73",1156,17,"assisted",13
"74",867,17,"assisted",13
"75",46,22,"assisted",17
"76",633,6,"assisted",13
"77",1443,13,"assisted",16
"78",507,3,"assisted",18
"79",494,20,"assisted",15
"80",1326,3,"assisted",20
"81",715,15,"assisted",14
"82",1025,4,"assisted",14
"83",541,3,"assisted",15
"84",762,27,"assisted",14
"85",479,28,"assisted",14
"86",208,15,"assisted",15
"87",1372,9,"assisted",13
"88",193,1,"assisted",17
"89",1132,3,"assisted",13
"90",1357,14,"assisted",14
"91",1318,5,"assisted",15
"92",820,17,"assisted",13
"93",975,3,"assisted",16
"94",839,9,"assisted",18
"95",1609,6,"assisted",13
"96",591,7,"assisted",14
"97",1263,2,"assisted",11
"98",1465,19,"assisted",16
"99",1521,2,"assisted",14
"100",1605,13,"assisted",18
"101",933,3,"assisted",16
"102",1141,3,"assisted",20
"103",797,17,"assisted",12
"104",415,15,"assisted",15
"105",1167,17,"assisted",13
"106",777,6,"assisted",16
"107",1581,8,"assisted",14
"108",507,3,"assisted",18
"109",863,3,"assisted",16
"110",1042,3,"assisted",18
"111",1214,16,"assisted",17
"112",954,14,"assisted",13
"113",1245,15,"assisted",15
"114",800,15,"assisted",14
"115",1522,23,"assisted",16
"116",1315,6,"assisted",14
"117",145,22,"assisted",13
"118",421,7,"assisted",10
"119",286,17,"assisted",13
"120",171,19,"assisted",13
"121",13,25,"assisted",8
"122",1261,3,"assisted",17
"123",415,15,"assisted",15
"124",958,6,"assisted",16
"125",645,13,"assisted",16
"126",1085,8,"assisted",13
"127",371,15,"assisted",15
"128",324,15,"assisted",15
"129",1071,4,"assisted",15
"130",1212,6,"assisted",17
"131",1437,17,"assisted",14
"132",531,17,"assisted",13
"133",1132,3,"assisted",13
"134",139,3,"assisted",17
"135",1264,5,"assisted",16
"136",624,23,"assisted",16
"137",712,25,"assisted",16
"138",476,14,"assisted",16
"139",822,17,"assisted",13
"140",1438,2,"assisted",13
"141",1343,3,"assisted",12
"142",635,22,"assisted",18
"143",1537,3,"assisted",16
"144",1124,14,"assisted",10
"145",639,19,"assisted",17
"146",1340,3,"assisted",14
"147",1402,9,"assisted",17
"148",1169,13,"assisted",9
"149",1448,3,"assisted",15
"150",893,17,"assisted",19
"151",24,8,"assisted",14
"152",1120,2,"assisted",12
"153",1522,23,"assisted",16
"154",686,15,"assisted",15
"155",57,25,"assisted",15
"156",949,27,"assisted",9
"157",1416,3,"assisted",16
"158",1016,2,"assisted",13
"159",216,17,"assisted",13
"160",1227,25,"assisted",13
"161",644,8,"assisted",14
"162",760,17,"assisted",12
"163",608,5,"assisted",13
"164",168,27,"assisted",14
"165",1530,3,"assisted",19
"166",1559,12,"assisted",10
"167",1186,2,"assisted",13
"168",644,8,"assisted",14
"169",362,19,"assisted",18
"170",1562,3,"assisted",16
"171",122,3,"assisted",18
"172",49,16,"assisted",13
"173",905,17,"assisted",12
"174",675,7,"assisted",13
"175",1511,19,"assisted",14
"176",658,19,"assisted",14
"177",707,6,"assisted",18
"178",535,24,"assisted",15
"179",156,25,"assisted",13
"180",1641,3,"assisted",16
"181",667,11,"assisted",17
"182",516,23,"assisted",18
"183",74,6,"assisted",14
"184",1438,2,"assisted",13
"185",1248,23,"assisted",14
"186",947,12,"assisted",15
"187",206,3,"assisted",13
"188",636,4,"assisted",13
"189",732,8,"assisted",15
"190",497,9,"assisted",12
"191",322,22,"assisted",13
"192",459,14,"assisted",13
"193",951,17,"assisted",14
"194",1189,2,"assisted",12
"195",1317,27,"assisted",18
"196",965,11,"assisted",8
"197",590,24,"assisted",16
"198",80,3,"assisted",18
"199",839,9,"assisted",18
"200",1594,24,"assisted",13
"201",100,4,"assisted",14
"202",1589,15,"assisted",8
"203",88,17,"assisted",13
"204",1022,24,"assisted",8
"205",374,15,"assisted",15
"206",931,23,"assisted",9
"207",886,15,"assisted",12
"208",576,15,"assisted",15
"209",430,15,"assisted",15
"210",711,4,"assisted",14
"211",983,13,"assisted",15
"212",255,12,"assisted",18
"213",1310,8,"assisted",15
"214",1506,6,"assisted",14
"215",1522,23,"assisted",16
"216",202,25,"assisted",17
"217",968,17,"assisted",13
"218",1481,3,"assisted",18
"219",456,8,"assisted",15
"220",39,15,"assisted",14
"221",159,2,"assisted",15
"222",1280,7,"assisted",16
"223",1015,3,"assisted",14
"224",915,8,"assisted",17
"225",1323,20,"assisted",13
"226",1558,3,"assisted",17
"227",644,8,"assisted",14
"228",370,3,"assisted",20
"229",349,19,"assisted",15
"230",145,22,"assisted",13
"231",906,15,"assisted",14
"232",1186,2,"assisted",13
"233",668,12,"assisted",13
"234",732,8,"assisted",15
"235",1375,24,"assisted",14
"236",1476,24,"assisted",18
"237",271,24,"assisted",11
"238",1638,8,"assisted",18
"239",1338,6,"assisted",14
"240",1238,12,"assisted",18
"241",675,7,"assisted",13
"242",1596,15,"assisted",14
"243",126,22,"assisted",14
"244",221,6,"assisted",15
"245",745,4,"assisted",15
"246",335,2,"assisted",12
"247",1173,17,"assisted",13
"248",121,3,"assisted",14
"249",633,6,"assisted",13
"250",1113,15,"assisted",15
"251",274,6,"assisted",12
"252",837,3,"assisted",18
"253",1417,17,"assisted",13
"254",1100,3,"assisted",19
"255",1371,18,"assisted",13
"256",441,17,"assisted",13
"257",381,19,"assisted",16
"258",644,8,"assisted",14
"259",1456,13,"assisted",19
"260",1128,12,"assisted",17
"261",863,3,"assisted",16
"262",289,27,"assisted",16
"263",267,3,"assisted",17
"264",395,3,"assisted",17
"265",393,27,"assisted",16
"266",31,19,"assisted",17
"267",957,14,"assisted",11
"268",1576,17,"assisted",13
"269",41,17,"assisted",13
"270",432,3,"assisted",14
"271",523,15,"assisted",15
"272",1402,9,"assisted",17
"273",931,23,"assisted",9
"274",4,13,"assisted",17
"275",1219,22,"assisted",13
"276",732,8,"assisted",15
"277",1140,17,"assisted",13
"278",808,17,"assisted",13
"279",493,14,"assisted",13
"280",62,28,"assisted",18
"281",1328,2,"assisted",13
"282",644,8,"assisted",14
"283",737,21,"assisted",11
"284",1398,4,"assisted",15
"285",1598,22,"assisted",11
"286",148,4,"assisted",15
"287",931,23,"assisted",9
"288",1071,4,"assisted",15
"289",198,25,"assisted",14
"290",272,25,"assisted",8
"291",1063,8,"assisted",13
"292",1076,17,"assisted",12
"293",905,17,"assisted",12
"294",89,2,"assisted",14
"295",54,8,"assisted",14
"296",236,17,"assisted",13
"297",776,13,"assisted",12
"298",1188,22,"assisted",15
"299",893,17,"assisted",19
"300",393,27,"assisted",16
"301",1069,17,"assisted",12
"302",1641,3,"assisted",16
"303",189,15,"assisted",13
"304",1385,4,"assisted",14
"305",93,3,"assisted",14
"306",1211,15,"assisted",15
"307",1350,16,"assisted",17
"308",25,25,"assisted",16
"309",1560,17,"assisted",12
"310",912,8,"assisted",18
"311",356,19,"assisted",15
"312",1306,15,"assisted",14
"313",754,17,"assisted",13
"314",1476,24,"assisted",18
"315",73,15,"assisted",14
"316",971,17,"assisted",13
"317",982,13,"assisted",12
"318",325,24,"assisted",11
"319",587,17,"assisted",13
"320",1032,11,"assisted",8
"321",646,17,"assisted",13
"322",539,17,"assisted",13
"323",362,19,"assisted",18
"324",1124,14,"assisted",10
"325",1174,3,"assisted",17
"326",929,13,"assisted",8
"327",1112,9,"assisted",13
"328",573,3,"assisted",18
"329",768,15,"assisted",11
"330",1660,12,"assisted",17
"331",980,24,"assisted",13
"332",137,25,"assisted",16
"333",145,22,"assisted",13
"334",716,24,"assisted",16
"335",1055,2,"assisted",13
"336",738,27,"assisted",10
"337",709,15,"assisted",15
"338",1586,17,"assisted",13
"339",1448,3,"assisted",15
"340",1476,24,"assisted",18
"341",1032,11,"assisted",8
"342",465,4,"assisted",15
"343",943,15,"assisted",14
"344",1376,22,"assisted",16
"345",299,13,"assisted",15
"346",1322,1,"assisted",17
"347",1139,17,"assisted",13
"348",1285,3,"assisted",18
"349",1507,6,"assisted",13
"350",507,3,"assisted",18
"351",1238,12,"assisted",18
"352",797,17,"assisted",12
"353",1417,17,"assisted",13
"354",542,5,"assisted",17
"355",372,15,"assisted",14
"356",1320,17,"assisted",13
"357",1131,3,"assisted",17
"358",989,17,"assisted",13
"359",1159,13,"assisted",12
"360",373,4,"assisted",14
"361",73,15,"assisted",14
"362",444,17,"assisted",8
"363",687,17,"assisted",13
"364",686,15,"assisted",15
"365",1067,2,"assisted",15
"366",1294,15,"assisted",15
"367",1302,8,"assisted",15
"368",93,3,"assisted",14
"369",1465,19,"assisted",16
"370",1515,15,"assisted",15
"371",748,4,"assisted",15
"372",188,4,"assisted",15
"373",258,20,"assisted",10
"374",1000,15,"assisted",10
"375",1020,19,"assisted",17
"376",1566,15,"assisted",14
"377",861,23,"assisted",15
"378",1456,13,"assisted",19
"379",1207,8,"assisted",13
"380",1299,8,"assisted",17
"381",1449,5,"assisted",16
"382",1382,3,"assisted",18
"383",1131,3,"assisted",17
"384",421,7,"assisted",10
"385",1505,17,"assisted",13
"386",1148,3,"assisted",17
"387",965,11,"assisted",8
"388",1623,15,"assisted",14
"389",585,6,"assisted",14
"390",1589,15,"assisted",8
"391",305,3,"assisted",13
"392",610,3,"assisted",16
"393",1179,17,"assisted",13
"394",1528,13,"assisted",9
"395",815,7,"assisted",13
"396",853,27,"assisted",14
"397",650,6,"assisted",12
"398",399,8,"assisted",17
"399",971,17,"assisted",13
"400",940,27,"assisted",12
"401",857,4,"assisted",15
"402",1231,25,"assisted",16
"403",879,1,"assisted",16
"404",1561,27,"assisted",14
"405",1,21,"assisted",7
"406",1410,25,"assisted",14
"407",930,22,"assisted",15
"408",915,8,"assisted",17
"409",1040,3,"assisted",16
"410",765,25,"assisted",15
"411",909,8,"assisted",15
"412",798,9,"assisted",16
"413",792,4,"assisted",14
"414",725,11,"assisted",13
"415",815,7,"assisted",13
"416",1013,24,"assisted",14
"417",965,11,"assisted",8
"418",13,25,"assisted",8
"419",507,3,"assisted",18
"420",334,24,"assisted",15
"421",795,8,"assisted",19
"422",1493,28,"assisted",13
"423",1458,8,"assisted",13
"424",978,17,"assisted",11
"425",427,3,"assisted",17
"426",393,27,"assisted",16
"427",751,16,"assisted",16
"428",644,8,"assisted",14
"429",1371,18,"assisted",13
"430",1045,3,"assisted",16
"431",1241,13,"assisted",16
"432",134,28,"assisted",16
"433",1485,13,"assisted",19
"434",411,3,"assisted",17
"435",812,25,"assisted",13
"436",1197,6,"assisted",8
"437",507,3,"assisted",18
"438",934,16,"assisted",15
"439",716,24,"assisted",16
"440",756,17,"assisted",15
"441",1012,17,"assisted",13
"442",1619,13,"assisted",12
"443",6,17,"assisted",13
"444",119,3,"assisted",18
"445",292,27,"assisted",17
"446",340,4,"assisted",15
"447",875,1,"assisted",13
"448",1135,8,"assisted",13
"449",1630,3,"assisted",19
"450",199,22,"assisted",16
"451",837,3,"assisted",18
"452",1058,1,"assisted",16
"453",1384,3,"assisted",14
"454",168,27,"assisted",14
"455",201,14,"assisted",13
"456",17,5,"assisted",16
"457",106,26,"assisted",18
"458",796,8,"assisted",17
"459",299,13,"assisted",15
"460",1376,22,"assisted",16
"461",98,18,"assisted",16
"462",607,9,"assisted",15
"463",66,3,"assisted",18
"464",66,3,"assisted",18
"465",949,27,"assisted",9
"466",658,19,"assisted",14
"467",75,4,"assisted",15
"468",725,11,"assisted",13
"469",149,15,"assisted",15
"470",1059,2,"assisted",14
"471",1462,21,"assisted",13
"472",1574,15,"assisted",14
"473",112,8,"assisted",17
"474",937,15,"assisted",15
"475",1446,19,"assisted",14
"476",669,28,"assisted",14
"477",137,25,"assisted",16
"478",225,17,"assisted",13
"479",1227,25,"assisted",13
"480",1155,17,"assisted",13
"481",1259,15,"assisted",15
"482",844,8,"assisted",18
"483",182,3,"assisted",15
"484",735,14,"assisted",17
"485",1114,2,"assisted",13
"486",1400,4,"assisted",14
"487",871,15,"assisted",15
"488",1435,22,"assisted",14
"489",1626,19,"assisted",13
"490",1381,3,"assisted",18
"491",509,13,"assisted",19
"492",7,5,"assisted",18
"493",157,28,"assisted",14
"494",604,7,"assisted",13
"495",1589,15,"assisted",8
"496",1160,22,"assisted",17
"497",819,24,"assisted",19
"498",216,17,"assisted",13
"499",440,12,"assisted",16
"500",1566,15,"assisted",14
"501",14,9,"assisted",14
"502",102,17,"assisted",12
"503",579,6,"assisted",16
"504",977,3,"assisted",19
"505",146,15,"assisted",10
"506",798,9,"assisted",16
"507",1483,17,"assisted",13
"508",707,6,"assisted",18
"509",1067,2,"assisted",15
"510",864,8,"assisted",14
"511",1402,9,"assisted",17
"512",150,20,"assisted",13
"513",892,8,"assisted",13
"514",324,15,"assisted",15
"515",3,15,"assisted",14
"516",978,17,"assisted",11
"517",998,15,"assisted",14
"518",1290,15,"assisted",15
"519",1642,24,"assisted",17
"520",1477,19,"assisted",15
"521",272,25,"assisted",8
"522",1036,24,"assisted",13
"523",1572,13,"assisted",13
"524",1452,11,"assisted",14
"525",1465,19,"assisted",16
"526",7,5,"assisted",18
"527",31,19,"assisted",17
"528",144,15,"assisted",13
"529",1552,17,"assisted",13
"530",1329,13,"assisted",9
"531",125,14,"assisted",14
"532",355,1,"assisted",18
"533",1215,3,"assisted",14
"534",1374,7,"assisted",15
"535",1213,9,"assisted",13
"536",132,25,"assisted",15
"537",266,4,"assisted",16
"538",1465,19,"assisted",16
"539",529,3,"assisted",18
"540",467,17,"assisted",9
"541",1011,15,"assisted",16
"542",206,3,"assisted",13
"543",691,17,"assisted",11
"544",221,6,"assisted",15
"545",604,7,"assisted",13
"546",1329,13,"assisted",9
"547",1432,15,"assisted",15
"548",303,11,"assisted",18
"549",710,6,"assisted",14
"550",205,15,"assisted",16
"551",657,3,"assisted",14
"552",508,24,"assisted",13
"553",247,15,"assisted",15
"554",927,17,"assisted",13
"555",1102,11,"assisted",13
"556",1024,3,"assisted",16
"557",467,17,"assisted",9
"558",482,14,"assisted",15
"559",1153,28,"assisted",17
"560",246,13,"assisted",17
"561",1249,11,"assisted",12
"562",294,15,"assisted",13
"563",118,27,"assisted",15
"564",699,6,"assisted",16
"565",33,5,"assisted",8
"566",1392,15,"assisted",15
"567",1318,5,"assisted",15
"568",922,23,"assisted",13
"569",1294,15,"assisted",15
"570",1183,28,"assisted",20
"571",1334,14,"assisted",11
"572",1491,11,"assisted",7
"573",118,27,"assisted",15
"574",387,5,"assisted",13
"575",1492,14,"assisted",14
"576",1022,24,"assisted",8
"577",833,20,"assisted",13
"578",207,21,"assisted",17
"579",1620,27,"assisted",14
"580",667,11,"assisted",17
"581",289,27,"assisted",16
"582",1,21,"assisted",7
"583",256,17,"assisted",17
"584",1578,11,"assisted",10
"585",1022,24,"assisted",8
"586",1602,4,"assisted",15
"587",769,1,"assisted",17
"588",1395,2,"assisted",13
"589",1333,4,"assisted",15
"590",162,15,"assisted",13
"591",699,6,"assisted",16
"592",1057,11,"assisted",12
"593",1021,15,"assisted",15
"594",197,17,"assisted",13
"595",1135,8,"assisted",13
"596",604,7,"assisted",13
"597",919,1,"assisted",19
"598",1315,6,"assisted",14
"599",764,14,"assisted",14
"600",667,11,"assisted",17
"601",841,17,"assisted",12
"602",1112,9,"assisted",13
"603",906,15,"assisted",14
"604",815,7,"assisted",13
"605",555,15,"assisted",10
"606",687,17,"assisted",13
"607",812,25,"assisted",13
"608",1482,15,"assisted",14
"609",682,6,"assisted",18
"610",421,7,"assisted",10
"611",372,15,"assisted",14
"612",1495,15,"assisted",15
"613",170,15,"assisted",14
"614",1458,8,"assisted",13
"615",1068,15,"assisted",15
"616",716,24,"assisted",16
"617",1544,6,"assisted",14
"618",1347,3,"assisted",16
"619",667,11,"assisted",17
"620",18,25,"assisted",15
"621",685,17,"assisted",12
"622",415,15,"assisted",15
"623",1075,22,"assisted",14
"624",384,2,"assisted",9
"625",822,17,"assisted",13
"626",1198,7,"assisted",14
"627",100,4,"assisted",14
"628",142,8,"assisted",13
"629",1382,3,"assisted",18
"630",1083,8,"assisted",14
"631",1066,21,"assisted",16
"632",1089,22,"assisted",13
"633",1351,8,"assisted",15
"634",236,17,"assisted",13
"635",712,25,"assisted",16
"636",1257,4,"assisted",14
"637",1205,15,"assisted",14
"638",339,4,"assisted",15
"639",662,16,"assisted",13
"640",1260,7,"assisted",16
"641",1537,3,"assisted",16
"642",235,17,"assisted",13
"643",100,4,"assisted",14
"644",623,13,"assisted",16
"645",114,15,"assisted",18
"646",340,4,"assisted",15
"647",606,15,"assisted",15
"648",1091,25,"assisted",13
"649",484,24,"assisted",13
"650",106,26,"assisted",18
"651",734,6,"assisted",17
"652",1160,22,"assisted",17
"653",242,17,"assisted",13
"654",771,11,"assisted",17
"655",112,8,"assisted",17
"656",173,22,"assisted",10
"657",463,14,"assisted",16
"658",1036,24,"assisted",13
"659",1193,7,"assisted",15
"660",1537,3,"assisted",16
"661",497,9,"assisted",12
"662",834,15,"assisted",15
"663",302,17,"assisted",13
"664",1638,8,"assisted",18
"665",313,24,"assisted",13
"666",902,7,"assisted",16
"667",305,3,"assisted",13
"668",640,19,"assisted",15
"669",390,19,"assisted",16
"670",1556,15,"assisted",14
"671",928,3,"assisted",16
"672",281,14,"assisted",12
"673",1202,15,"assisted",10
"674",774,3,"assisted",18
"675",1464,3,"assisted",14
"676",1631,15,"assisted",14
"677",58,4,"assisted",15
"678",1640,3,"assisted",16
"679",441,17,"assisted",13
"680",629,3,"assisted",17
"681",1122,3,"assisted",16
"682",371,15,"assisted",15
"683",262,9,"assisted",13
"684",1428,4,"assisted",15
"685",182,3,"assisted",15
"686",723,13,"assisted",19
"687",1014,4,"assisted",15
"688",1061,24,"assisted",11
"689",944,3,"assisted",16
"690",1315,6,"assisted",14
"691",361,13,"assisted",19
"692",1351,8,"assisted",15
"693",883,25,"assisted",16
"694",1438,2,"assisted",13
"695",1083,8,"assisted",14
"696",309,16,"assisted",17
"697",320,2,"assisted",13
"698",362,19,"assisted",18
"699",293,8,"assisted",16
"700",748,4,"assisted",15
"701",1591,3,"assisted",12
"702",1083,8,"assisted",14
"703",367,17,"assisted",14
"704",974,12,"assisted",14
"705",461,15,"assisted",14
"706",1192,22,"assisted",8
"707",367,17,"assisted",14
"708",749,22,"assisted",13
"709",388,15,"assisted",14
"710",1209,9,"assisted",18
"711",184,4,"assisted",16
"712",1424,20,"assisted",18
"713",1354,15,"assisted",10
"714",1553,2,"assisted",15
"715",926,22,"assisted",15
"716",432,3,"assisted",14
"717",1112,9,"assisted",13
"718",1063,8,"assisted",13
"719",512,15,"assisted",14
"720",669,28,"assisted",14
"721",1246,11,"assisted",14
"722",1586,17,"assisted",13
"723",1072,15,"assisted",14
"724",1131,3,"assisted",17
"725",1538,8,"assisted",14
"726",187,14,"assisted",14
"727",890,15,"assisted",8
"728",1571,22,"assisted",10
"729",1504,22,"assisted",17
"730",1582,3,"assisted",14
"731",846,5,"assisted",13
"732",1387,3,"assisted",15
"733",294,15,"assisted",13
"734",662,16,"assisted",13
"735",28,17,"assisted",13
"736",876,27,"assisted",14
"737",1645,25,"assisted",18
"738",1172,4,"assisted",15
"739",964,21,"assisted",13
"740",1306,15,"assisted",14
"741",675,7,"assisted",13
"742",1092,22,"assisted",17
"743",527,17,"assisted",13
"744",1468,11,"assisted",19
"745",1627,7,"assisted",15
"746",715,15,"assisted",14
"747",664,24,"assisted",16
"748",234,17,"assisted",12
"749",600,17,"assisted",12
"750",170,15,"assisted",14
"751",1606,8,"assisted",18
"752",938,11,"assisted",15
"753",1477,19,"assisted",15
"754",870,15,"assisted",15
"755",1410,25,"assisted",14
"756",77,15,"assisted",14
"757",1655,14,"assisted",13
"758",741,25,"assisted",12
"759",1318,5,"assisted",15
"760",1160,22,"assisted",17
"761",1264,5,"assisted",16
"762",1375,24,"assisted",14
"763",561,3,"assisted",14
"764",25,25,"assisted",16
"765",1333,4,"assisted",15
"766",101,3,"assisted",17
"767",1177,15,"assisted",14
"768",1045,3,"assisted",16
"769",538,13,"assisted",16
"770",1478,5,"assisted",11
"771",928,3,"assisted",16
"772",577,3,"assisted",16
"773",705,27,"assisted",12
"774",360,4,"assisted",14
"775",1200,17,"assisted",9
"776",1625,17,"assisted",16
"777",215,8,"assisted",14
"778",1046,25,"assisted",14
"779",1077,19,"assisted",13
"780",1450,17,"assisted",12
"781",1591,3,"assisted",12
"782",417,4,"assisted",15
"783",1316,24,"assisted",18
"784",112,8,"assisted",17
"785",703,1,"assisted",13
"786",1421,6,"assisted",16
"787",1602,4,"assisted",15
"788",371,15,"assisted",15
"789",1530,3,"assisted",19
"790",1574,15,"assisted",14
"791",1354,15,"assisted",10
"792",1514,17,"assisted",13
"793",1228,15,"assisted",14
"794",797,17,"assisted",12
"795",685,17,"assisted",12
"796",1343,3,"assisted",12
"797",1292,17,"assisted",12
"798",346,8,"assisted",16
"799",1200,17,"assisted",9
"800",182,3,"assisted",15
"801",58,4,"assisted",15
"802",797,17,"assisted",12
"803",1415,15,"assisted",14
"804",863,3,"assisted",16
"805",592,21,"assisted",17
"806",1091,25,"assisted",13
"807",400,12,"assisted",15
"808",482,14,"assisted",15
"809",116,17,"assisted",13
"810",934,16,"assisted",15
"811",203,3,"assisted",18
"812",263,15,"assisted",12
"813",610,3,"assisted",16
"814",1630,3,"assisted",19
"815",1057,11,"assisted",12
"816",58,4,"assisted",15
"817",444,17,"assisted",8
"818",1175,3,"assisted",15
"819",984,3,"assisted",18
"820",717,7,"assisted",15
"821",1191,28,"assisted",14
"822",1091,25,"assisted",13
"823",934,16,"assisted",15
"824",767,17,"assisted",13
"825",1647,13,"assisted",19
"826",1017,15,"assisted",14
"827",850,15,"assisted",15
"828",326,3,"assisted",14
"829",205,15,"assisted",16
"830",1572,13,"assisted",13
"831",1624,3,"assisted",17
"832",858,3,"assisted",20
"833",42,14,"assisted",13
"834",432,3,"assisted",14
"835",631,12,"assisted",10
"836",576,15,"assisted",15
"837",1454,7,"assisted",18
"838",631,12,"assisted",10
"839",822,17,"assisted",13
"840",726,15,"assisted",13
"841",116,17,"assisted",13
"842",806,3,"assisted",16
"843",744,15,"assisted",15
"844",921,5,"assisted",13
"845",1449,5,"assisted",16
"846",8,2,"assisted",17
"847",844,8,"assisted",18
"848",1407,14,"assisted",12
"849",1150,17,"assisted",13
"850",959,8,"assisted",18
"851",575,1,"assisted",14
"852",1116,14,"assisted",14
"853",870,15,"assisted",15
"854",1497,3,"assisted",15
"855",1206,3,"assisted",16
"856",850,15,"assisted",15
"857",1589,15,"assisted",8
"858",61,14,"assisted",17
"859",852,3,"assisted",12
"860",1551,14,"assisted",13
"861",469,6,"assisted",16
"862",1397,24,"assisted",17
"863",52,8,"assisted",11
"864",975,3,"assisted",16
"865",1633,13,"assisted",17
"866",48,8,"assisted",14
"867",496,8,"assisted",16
"868",717,7,"assisted",15
"869",122,3,"assisted",18
"870",891,17,"assisted",14
"871",1320,17,"assisted",13
"872",637,21,"assisted",17
"873",1042,3,"assisted",18
"874",1198,7,"assisted",14
"875",54,8,"assisted",14
"876",38,3,"assisted",17
"877",760,17,"assisted",12
"878",1581,8,"assisted",14
"879",186,19,"assisted",15
"880",1053,19,"assisted",11
"881",1051,2,"assisted",14
"882",1046,25,"assisted",14
"883",585,6,"assisted",14
"884",1128,12,"assisted",17
"885",159,2,"assisted",15
"886",1601,27,"assisted",20
"887",689,22,"assisted",15
"888",1338,6,"assisted",13
"889",1171,12,"assisted",14
"890",1596,15,"assisted",14
"891",687,17,"assisted",13
"892",1634,14,"assisted",14
"893",223,4,"assisted",15
"894",487,3,"assisted",18
"895",168,27,"assisted",14
"896",924,13,"assisted",16
"897",1190,4,"assisted",14
"898",596,12,"assisted",14
"899",931,23,"assisted",9
"900",367,17,"assisted",14
"901",497,9,"assisted",12
"902",770,7,"assisted",16
"903",1113,15,"assisted",15
"904",145,22,"assisted",13
"905",156,25,"assisted",13
"906",440,12,"assisted",16
"907",758,21,"assisted",17
"908",266,4,"assisted",16
"909",848,4,"assisted",7
"910",1419,8,"assisted",16
"911",1176,11,"assisted",10
"912",212,8,"assisted",13
"913",1351,8,"assisted",15
"914",767,17,"assisted",13
"915",68,3,"assisted",18
"916",168,27,"assisted",14
"917",1592,8,"assisted",15
"918",1386,15,"assisted",14
"919",1489,28,"assisted",17
"920",968,17,"assisted",13
"921",184,4,"assisted",16
"922",1034,7,"assisted",11
"923",161,5,"assisted",11
"924",1662,8,"assisted",17
"925",370,3,"assisted",20
"926",1384,3,"assisted",14
"927",1025,4,"assisted",14
"928",1511,19,"assisted",14
"929",1612,22,"assisted",14
"930",604,7,"assisted",13
"931",21,25,"assisted",18
"932",1422,9,"assisted",13
"933",115,17,"assisted",13
"934",1482,15,"assisted",14
"935",4,13,"assisted",17
"936",1542,14,"assisted",13
"937",1162,5,"assisted",19
"938",1091,25,"assisted",13
"939",52,8,"assisted",11
"940",154,2,"assisted",14
"941",267,3,"assisted",17
"942",1140,17,"assisted",13
"943",709,15,"assisted",15
"944",537,2,"assisted",11
"945",1026,12,"assisted",19
"946",1549,13,"assisted",13
"947",1475,23,"assisted",14
"948",1566,15,"assisted",14
"949",662,16,"assisted",13
"950",1614,3,"assisted",18
"951",1442,22,"assisted",13
"952",1272,25,"assisted",10
"953",609,14,"assisted",13
"954",869,17,"assisted",13
"955",1048,3,"assisted",17
"956",1233,17,"assisted",13
"957",877,15,"assisted",14
"958",429,22,"assisted",14
"959",1008,28,"assisted",10
"960",1533,24,"assisted",11
"961",152,9,"assisted",14
"962",1490,12,"assisted",15
"963",236,17,"assisted",13
"964",565,22,"assisted",14
"965",149,15,"assisted",15
"966",761,12,"assisted",14
"967",1597,7,"assisted",16
"968",84,15,"assisted",14
"969",353,15,"assisted",14
"970",744,15,"assisted",15
"971",1537,3,"assisted",16
"972",1186,2,"assisted",13
"973",303,11,"assisted",18
"974",468,4,"assisted",15
"975",420,21,"assisted",18
"976",1104,25,"assisted",13
"977",484,24,"assisted",13
"978",1153,28,"assisted",17
"979",538,13,"assisted",16
"980",118,27,"assisted",15
"981",63,19,"assisted",16
"982",472,15,"assisted",14
"983",370,3,"assisted",20
"984",1288,3,"assisted",15
"985",211,7,"assisted",8
"986",1586,17,"assisted",13
"987",452,15,"assisted",16
"988",1093,16,"assisted",13
"989",609,14,"assisted",13
"990",1170,3,"assisted",13
"991",1511,19,"assisted",14
"992",1106,8,"assisted",16
"993",447,2,"assisted",15
"994",800,15,"assisted",14
"995",1434,12,"assisted",18
"996",1645,25,"assisted",18
"997",386,15,"assisted",14
"998",768,15,"assisted",11
"999",119,3,"assisted",18
"1000",559,24,"assisted",16
"1001",811,11,"core",13
"1002",692,4,"core",12
"1003",817,15,"core",15
"1004",219,24,"core",10
"1005",1010,23,"core",10
"1006",522,16,"core",14
"1007",81,17,"core",13
"1008",763,1,"core",8
"1009",47,21,"core",13
"1010",222,21,"core",16
"1011",389,15,"core",12
"1012",679,12,"core",17
"1013",1105,14,"core",15
"1014",1540,2,"core",12
"1015",1307,15,"core",13
"1016",698,12,"core",13
"1017",742,2,"core",7
"1018",651,13,"core",13
"1019",759,23,"core",15
"1020",643,15,"core",12
"1021",790,23,"core",13
"1022",614,12,"core",13
"1023",1033,2,"core",13
"1024",616,26,"core",16
"1025",307,13,"core",11
"1026",1499,12,"core",15
"1027",567,17,"core",12
"1028",918,2,"core",13
"1029",314,8,"core",10
"1030",1119,4,"core",16
"1031",473,19,"core",13
"1032",571,3,"core",18
"1033",730,14,"core",9
"1034",572,19,"core",18
"1035",485,11,"core",14
"1036",1388,25,"core",17
"1037",823,12,"core",8
"1038",1332,16,"core",13
"1039",270,11,"core",13
"1040",1271,17,"core",9
"1041",1342,3,"core",16
"1042",866,15,"core",13
"1043",217,17,"core",11
"1044",1430,28,"core",14
"1045",1232,27,"core",13
"1046",666,21,"core",13
"1047",718,4,"core",13
"1048",660,27,"core",15
"1049",297,12,"core",13
"1050",560,11,"core",14
"1051",99,27,"core",10
"1052",1279,21,"core",16
"1053",622,21,"core",12
"1054",851,13,"core",19
"1055",720,13,"core",14
"1056",1409,14,"core",13
"1057",304,7,"core",13
"1058",1564,1,"core",14
"1059",1394,11,"core",12
"1060",1629,25,"core",10
"1061",12,21,"core",9
"1062",277,24,"core",11
"1063",1210,23,"core",9
"1064",194,8,"core",13
"1065",1003,16,"core",15
"1066",1133,6,"core",16
"1067",1436,2,"core",15
"1068",939,24,"core",18
"1069",900,11,"core",11
"1070",593,12,"core",17
"1071",214,25,"core",12
"1072",1579,12,"core",9
"1073",1447,16,"core",16
"1074",192,7,"core",14
"1075",1657,5,"core",13
"1076",647,24,"core",10
"1077",238,15,"core",13
"1078",731,11,"core",15
"1079",1121,4,"core",13
"1080",495,16,"core",11
"1081",1181,2,"core",14
"1082",359,22,"core",15
"1083",550,27,"core",13
"1084",414,10,"core",8
"1085",586,7,"core",18
"1086",401,12,"core",11
"1087",522,16,"core",14
"1088",981,11,"core",11
"1089",807,22,"core",18
"1090",396,8,"core",11
"1091",350,2,"core",15
"1092",1165,13,"core",18
"1093",1461,20,"core",15
"1094",413,8,"core",14
"1095",210,17,"core",17
"1096",284,27,"core",15
"1097",1047,1,"core",13
"1098",1472,23,"core",14
"1099",90,12,"core",9
"1100",30,1,"core",10
"1101",700,19,"core",16
"1102",556,14,"core",20
"1103",1527,14,"core",13
"1104",282,11,"core",13
"1105",92,28,"core",13
"1106",1255,25,"core",8
"1107",368,27,"core",7
"1108",1554,19,"core",17
"1109",243,14,"core",10
"1110",1461,20,"core",15
"1111",673,14,"core",13
"1112",1563,22,"core",10
"1113",403,19,"core",13
"1114",160,4,"core",13
"1115",345,21,"core",14
"1116",1030,21,"core",9
"1117",483,6,"core",17
"1118",809,16,"core",13
"1119",278,11,"core",14
"1120",860,25,"core",17
"1121",1052,14,"core",13
"1122",747,24,"core",9
"1123",117,15,"core",17
"1124",615,13,"core",13
"1125",1152,8,"core",13
"1126",419,7,"core",14
"1127",773,15,"core",9
"1128",1266,28,"core",12
"1129",1480,25,"core",13
"1130",10,12,"core",13
"1131",1557,7,"core",16
"1132",1262,5,"core",13
"1133",1168,27,"core",17
"1134",1535,11,"core",20
"1135",1484,27,"core",9
"1136",642,24,"core",15
"1137",955,6,"core",10
"1138",566,12,"core",16
"1139",1062,24,"core",13
"1140",1284,15,"core",7
"1141",549,19,"core",16
"1142",1325,24,"core",18
"1143",1221,25,"core",11
"1144",424,16,"core",20
"1145",409,5,"core",17
"1146",544,7,"core",13
"1147",788,11,"core",13
"1148",1649,12,"core",9
"1149",601,2,"core",14
"1150",580,17,"core",16
"1151",520,27,"core",8
"1152",191,11,"core",14
"1153",380,5,"core",15
"1154",1616,28,"core",16
"1155",269,27,"core",9
"1156",793,2,"core",13
"1157",620,18,"core",18
"1158",1391,2,"core",15
"1159",218,23,"core",10
"1160",1220,16,"core",12
"1161",694,3,"core",13
"1162",873,21,"core",15
"1163",481,4,"core",10
"1164",1583,16,"core",17
"1165",1158,14,"core",18
"1166",1356,27,"core",11
"1167",1525,23,"core",16
"1168",1652,12,"core",14
"1169",1584,19,"core",16
"1170",123,5,"core",11
"1171",1111,19,"core",13
"1172",319,27,"core",17
"1173",1236,4,"core",14
"1174",1344,23,"core",13
"1175",1056,14,"core",14
"1176",727,22,"core",15
"1177",696,24,"core",17
"1178",245,5,"core",17
"1179",151,27,"core",9
"1180",209,4,"core",14
"1181",391,3,"core",20
"1182",739,16,"core",14
"1183",517,23,"core",8
"1184",551,9,"core",16
"1185",887,3,"core",13
"1186",1467,5,"core",9
"1187",59,16,"core",19
"1188",1298,19,"core",18
"1189",780,2,"core",15
"1190",1127,12,"core",10
"1191",996,12,"core",17
"1192",663,15,"core",15
"1193",76,11,"core",8
"1194",329,4,"core",11
"1195",1650,13,"core",13
"1196",363,1,"core",11
"1197",141,5,"core",13
"1198",582,16,"core",13
"1199",1585,14,"core",15
"1200",316,23,"core",11
"1201",470,16,"core",15
"1202",34,11,"core",12
"1203",1240,24,"core",15
"1204",147,5,"core",13
"1205",1451,11,"core",13
"1206",1095,19,"core",15
"1207",824,28,"core",7
"1208",1653,24,"core",8
"1209",1663,7,"core",13
"1210",1383,17,"core",13
"1211",814,13,"core",12
"1212",120,25,"core",10
"1213",431,9,"core",13
"1214",183,12,"core",13
"1215",884,3,"core",14
"1216",862,5,"core",15
"1217",1161,23,"core",16
"1218",778,5,"core",12
"1219",78,25,"core",7
"1220",108,14,"core",19
"1221",510,17,"core",8
"1222",163,8,"core",17
"1223",1225,12,"core",13
"1224",492,12,"core",13
"1225",634,25,"core",10
"1226",1373,13,"core",13
"1227",1235,27,"core",19
"1228",1223,6,"core",9
"1229",1239,23,"core",16
"1230",1336,21,"core",13
"1231",693,1,"core",16
"1232",999,2,"core",14
"1233",719,7,"core",14
"1234",1635,1,"core",9
"1235",896,24,"core",7
"1236",1134,22,"core",7
"1237",785,27,"core",13
"1238",379,22,"core",13
"1239",176,27,"core",13
"1240",1474,2,"core",14
"1241",416,24,"core",15
"1242",382,25,"core",12
"1243",1229,23,"core",11
"1244",1637,17,"core",15
"1245",290,11,"core",12
"1246",1651,11,"core",13
"1247",136,12,"core",13
"1248",578,23,"core",8
"1249",1110,11,"core",14
"1250",1331,7,"core",8
"1251",1023,15,"core",16
"1252",1007,25,"core",15
"1253",11,24,"core",16
"1254",653,8,"core",12
"1255",1508,25,"core",10
"1256",135,5,"core",10
"1257",976,14,"core",13
"1258",521,19,"core",14
"1259",210,17,"core",17
"1260",1431,6,"core",15
"1261",504,15,"core",15
"1262",554,11,"core",17
"1263",264,13,"core",13
"1264",831,13,"core",11
"1265",1237,12,"core",13
"1266",1154,7,"core",15
"1267",1216,21,"core",13
"1268",67,11,"core",8
"1269",1346,8,"core",13
"1270",233,16,"core",12
"1271",1555,9,"core",18
"1272",331,5,"core",15
"1273",1096,2,"core",12
"1274",462,9,"core",18
"1275",1359,16,"core",18
"1276",1004,24,"core",15
"1277",1180,4,"core",14
"1278",1425,23,"core",14
"1279",454,13,"core",18
"1280",1401,27,"core",13
"1281",1138,27,"core",11
"1282",257,2,"core",11
"1283",913,23,"core",17
"1284",706,5,"core",8
"1285",1510,9,"core",14
"1286",1303,27,"core",7
"1287",1247,19,"core",12
"1288",1070,20,"core",10
"1289",970,21,"core",13
"1290",499,19,"core",13
"1291",1524,15,"core",13
"1292",1144,6,"core",15
"1293",824,28,"core",7
"1294",1168,27,"core",17
"1295",661,25,"core",16
"1296",69,2,"core",15
"1297",961,24,"core",8
"1298",515,24,"core",13
"1299",1345,16,"core",16
"1300",1358,13,"core",13
"1301",1523,14,"core",17
"1302",526,12,"core",13
"1303",1049,13,"core",13
"1304",628,19,"core",10
"1305",177,17,"core",13
"1306",1327,27,"core",10
"1307",70,13,"core",11
"1308",888,16,"core",7
"1309",1256,2,"core",15
"1310",455,11,"core",8
"1311",407,19,"core",17
"1312",714,16,"core",13
"1313",829,24,"core",16
"1314",279,5,"core",16
"1315",1590,2,"core",13
"1316",332,2,"core",15
"1317",503,27,"core",13
"1318",649,24,"core",13
"1319",1584,19,"core",16
"1320",1486,19,"core",9
"1321",9,23,"core",9
"1322",740,14,"core",16
"1323",1389,25,"core",15
"1324",897,9,"core",18
"1325",564,2,"core",15
"1326",383,21,"core",11
"1327",53,11,"core",17
"1328",988,15,"core",13
"1329",1348,14,"core",14
"1330",1539,6,"core",15
"1331",1587,23,"core",13
"1332",230,21,"core",13
"1333",895,3,"core",15
"1334",1548,16,"core",13
"1335",641,8,"core",11
"1336",1196,13,"core",20
"1337",1593,24,"core",11
"1338",1157,27,"core",11
"1339",1546,19,"core",13
"1340",996,12,"core",17
"1341",129,24,"core",13
"1342",612,24,"core",16
"1343",1243,27,"core",8
"1344",44,27,"core",9
"1345",1308,3,"core",13
"1346",385,1,"core",15
"1347",180,21,"core",13
"1348",1403,11,"core",13
"1349",501,9,"core",8
"1350",547,25,"core",13
"1351",960,11,"core",16
"1352",1453,2,"core",18
"1353",753,21,"core",15
"1354",1109,23,"core",18
"1355",1466,27,"core",13
"1356",1108,25,"core",9
"1357",204,23,"core",17
"1358",35,2,"core",18
"1359",1254,3,"core",16
"1360",55,13,"core",15
"1361",845,5,"core",10
"1362",1296,1,"core",13
"1363",1603,14,"core",7
"1364",1044,1,"core",12
"1365",835,27,"core",12
"1366",32,24,"core",20
"1367",1501,9,"core",14
"1368",1265,25,"core",8
"1369",781,11,"core",17
"1370",1341,23,"core",15
"1371",1115,2,"core",13
"1372",766,25,"core",13
"1373",1250,14,"core",13
"1374",721,11,"core",11
"1375",1230,11,"core",13
"1376",589,9,"core",13
"1377",838,21,"core",15
"1378",1364,11,"core",13
"1379",29,2,"core",10
"1380",1301,5,"core",15
"1381",369,15,"core",14
"1382",533,24,"core",12
"1383",1252,24,"core",10
"1384",1622,12,"core",15
"1385",648,24,"core",13
"1386",935,11,"core",17
"1387",574,20,"core",15
"1388",435,11,"core",12
"1389",1103,25,"core",8
"1390",1145,7,"core",17
"1391",1339,23,"core",12
"1392",1293,11,"core",10
"1393",701,2,"core",13
"1394",259,13,"core",18
"1395",354,8,"core",10
"1396",1269,22,"core",13
"1397",1399,28,"core",8
"1398",557,15,"core",15
"1399",522,16,"core",14
"1400",1473,19,"core",10
"1401",563,15,"core",16
"1402",969,14,"core",11
"1403",654,14,"core",13
"1404",872,16,"core",10
"1405",1086,25,"core",17
"1406",1617,13,"core",9
"1407",1547,14,"core",11
"1408",743,13,"core",12
"1409",486,11,"core",18
"1410",422,27,"core",13
"1411",920,21,"core",13
"1412",301,22,"core",15
"1413",1253,22,"core",14
"1414",1295,4,"core",19
"1415",185,4,"core",16
"1416",1001,25,"core",17
"1417",680,19,"core",13
"1418",973,23,"core",16
"1419",825,11,"core",13
"1420",1201,27,"core",7
"1421",1130,17,"core",15
"1422",1366,7,"core",18
"1423",1379,15,"core",11
"1424",1097,24,"core",15
"1425",536,21,"core",14
"1426",306,7,"core",13
"1427",1309,24,"core",15
"1428",1455,27,"core",14
"1429",109,19,"core",13
"1430",956,24,"core",13
"1431",540,7,"core",10
"1432",224,23,"core",8
"1433",1610,25,"core",8
"1434",1126,22,"core",11
"1435",1275,11,"core",12
"1436",298,24,"core",15
"1437",308,21,"core",20
"1438",376,25,"core",18
"1439",826,16,"core",13
"1440",1147,19,"core",15
"1441",1018,13,"core",14
"1442",1643,9,"core",16
"1443",728,5,"core",17
"1444",881,2,"core",13
"1445",412,11,"core",13
"1446",1337,21,"core",14
"1447",1648,21,"core",15
"1448",1313,24,"core",14
"1449",1608,27,"core",12
"1450",1079,11,"core",14
"1451",22,2,"core",20
"1452",1163,9,"core",13
"1453",1180,4,"core",14
"1454",736,5,"core",11
"1455",584,17,"core",14
"1456",855,13,"core",19
"1457",1353,14,"core",15
"1458",333,11,"core",12
"1459",1494,24,"core",8
"1460",1090,8,"core",13
"1461",828,5,"core",17
"1462",1362,27,"core",19
"1463",241,23,"core",11
"1464",16,2,"core",8
"1465",1503,7,"core",13
"1466",1151,25,"core",19
"1467",1367,5,"core",9
"1468",1445,24,"core",10
"1469",178,23,"core",16
"1470",285,16,"core",13
"1471",1278,28,"core",15
"1472",1005,3,"core",10
"1473",1007,25,"core",15
"1474",562,12,"core",10
"1475",1204,21,"core",19
"1476",799,24,"core",16
"1477",1577,20,"core",18
"1478",1296,1,"core",13
"1479",752,21,"core",17
"1480",1289,16,"core",7
"1481",229,25,"core",15
"1482",783,12,"core",12
"1483",953,22,"core",17
"1484",1035,11,"core",13
"1485",341,7,"core",13
"1486",755,21,"core",13
"1487",697,18,"core",13
"1488",295,25,"core",7
"1489",791,19,"core",15
"1490",1405,14,"core",14
"1491",19,27,"core",16
"1492",352,4,"core",7
"1493",1098,1,"core",13
"1494",166,12,"core",7
"1495",450,7,"core",15
"1496",342,2,"core",19
"1497",1433,19,"core",18
"1498",625,3,"core",18
"1499",552,24,"core",13
"1500",15,23,"core",13
"1501",1411,4,"core",15
"1502",605,1,"core",13
"1503",1185,27,"core",17
"1504",1570,12,"core",20
"1505",569,17,"core",16
"1506",908,25,"core",13
"1507",1324,13,"core",15
"1508",1524,15,"core",13
"1509",1006,19,"core",13
"1510",428,16,"core",13
"1511",174,5,"core",10
"1512",1084,27,"core",13
"1513",248,11,"core",11
"1514",1276,7,"core",13
"1515",995,8,"core",9
"1516",1658,16,"core",13
"1517",347,13,"core",9
"1518",1471,23,"core",13
"1519",1065,24,"core",13
"1520",619,20,"core",12
"1521",330,17,"core",10
"1522",375,12,"core",8
"1523",1378,22,"core",13
"1524",1370,17,"core",19
"1525",1654,27,"core",13
"1526",321,14,"core",13
"1527",464,15,"core",20
"1528",43,16,"core",14
"1529",164,8,"core",12
"1530",23,28,"core",14
"1531",404,14,"core",17
"1532",158,8,"core",10
"1533",227,16,"core",13
"1534",36,5,"core",9
"1535",377,11,"core",13
"1536",1502,21,"core",14
"1537",688,14,"core",13
"1538",1396,26,"core",13
"1539",1534,11,"core",12
"1540",630,15,"core",20
"1541",172,13,"core",16
"1542",1314,5,"core",15
"1543",671,2,"core",17
"1544",534,27,"core",19
"1545",570,24,"core",8
"1546",543,13,"core",18
"1547",477,21,"core",10
"1548",1101,5,"core",14
"1549",992,2,"core",17
"1550",903,3,"core",14
"1551",1496,14,"core",12
"1552",1142,24,"core",14
"1553",259,13,"core",18
"1554",1352,26,"core",17
"1555",1229,23,"core",11
"1556",71,23,"core",14
"1557",1545,14,"core",13
"1558",397,28,"core",19
"1559",632,21,"core",14
"1560",1621,25,"core",13
"1561",695,2,"core",17
"1562",327,23,"core",13
"1563",1251,7,"core",14
"1564",1029,6,"core",14
"1565",659,12,"core",19
"1566",690,11,"core",14
"1567",546,12,"core",16
"1568",986,6,"core",8
"1569",836,2,"core",12
"1570",280,28,"core",13
"1571",251,12,"core",13
"1572",702,11,"core",13
"1573",1277,24,"core",13
"1574",854,24,"core",16
"1575",813,23,"core",16
"1576",1319,12,"core",14
"1577",1019,19,"core",16
"1578",827,1,"core",11
"1579",733,21,"core",15
"1580",946,19,"core",15
"1581",195,25,"core",13
"1582",602,21,"core",14
"1583",945,24,"core",7
"1584",232,26,"core",14
"1585",1305,27,"core",10
"1586",138,14,"core",19
"1587",1078,5,"core",20
"1588",1498,25,"core",14
"1589",315,24,"core",18
"1590",498,8,"core",8
"1591",810,5,"core",15
"1592",898,13,"core",15
"1593",1412,24,"core",10
"1594",1258,21,"core",18
"1595",677,14,"core",16
"1596",856,9,"core",15
"1597",588,21,"core",8
"1598",722,13,"core",19
"1599",423,11,"core",9
"1600",794,4,"core",13
"1601",572,19,"core",18
"1602",1453,2,"core",18
"1603",398,12,"core",11
"1604",849,24,"core",17
"1605",167,7,"core",13
"1606",65,18,"core",8
"1607",1469,12,"core",10
"1608",779,19,"core",17
"1609",913,23,"core",13
"1610",1600,25,"core",13
"1611",757,19,"core",13
"1612",821,25,"core",9
"1613",244,2,"core",15
"1614",402,12,"core",15
"1615",1599,2,"core",18
"1616",438,5,"core",11
"1617",453,23,"core",11
"1618",1611,5,"core",15
"1619",1390,17,"core",13
"1620",1361,25,"core",13
"1621",249,2,"core",17
"1622",140,13,"core",15
"1623",209,4,"core",14
"1624",599,24,"core",13
"1625",923,12,"core",15
"1626",1509,11,"core",12
"1627",1099,4,"core",12
"1628",1282,25,"core",15
"1629",1146,1,"core",17
"1630",1268,1,"core",9
"1631",1441,12,"core",13
"1632",1082,11,"core",7
"1633",1368,8,"core",8
"1634",994,27,"core",9
"1635",1355,21,"core",10
"1636",124,15,"core",13
"1637",814,13,"core",12
"1638",26,14,"core",12
"1639",311,1,"core",14
"1640",1330,17,"core",7
"1641",670,14,"core",13
"1642",457,7,"core",7
"1643",433,7,"core",13
"1644",1224,15,"core",14
"1645",1208,8,"core",13
"1646",213,19,"core",17
"1647",1423,14,"core",19
"1648",621,15,"core",10
"1649",1588,12,"core",12
"1650",683,22,"core",15
"1651",775,25,"core",9
"1652",784,11,"core",12
"1653",1274,2,"core",11
"1654",618,8,"core",13
"1655",1487,14,"core",18
"1656",528,8,"core",13
"1657",832,27,"core",20
"1658",1009,3,"core",17
"1659",220,25,"core",10
"1660",190,27,"core",13
"1661",1178,8,"core",14
"1662",1531,5,"core",20
"1663",1087,17,"core",12
"1664",343,8,"core",16
"1665",1222,17,"core",10
"1666",963,5,"core",15
"1667",51,16,"core",7
"1668",1286,23,"core",12
"1669",1149,11,"core",15
"1670",1604,12,"core",9
"1671",626,3,"core",18
"1672",1194,27,"core",18
"1673",323,6,"core",17
"1674",451,22,"core",13
"1675",506,3,"core",13
"1676",1125,23,"core",11
"1677",434,8,"core",16
"1678",1440,22,"core",15
"1679",97,11,"core",13
"1680",490,13,"core",15
"1681",990,14,"core",17
"1682",962,25,"core",8
"1683",684,24,"core",16
"1684",598,8,"core",19
"1685",351,8,"core",18
"1686",344,19,"core",7
"1687",1632,15,"core",13
"1688",410,24,"core",13
"1689",904,25,"core",7
"1690",1050,19,"core",16
"1691",993,4,"core",13
"1692",1516,21,"core",14
"1693",530,23,"core",8
"1694",874,25,"core",12
"1695",1123,4,"core",13
"1696",638,18,"core",8
"1697",1575,11,"core",17
"1698",1244,15,"core",9
"1699",558,5,"core",9
"1700",595,23,"core",12
"1701",336,12,"core",10
"1702",803,4,"core",15
"1703",1518,17,"core",11
"1704",348,23,"core",13
"1705",365,21,"core",9
"1706",200,19,"core",10
"1707",759,23,"core",15
"1708",1618,11,"core",13
"1709",914,11,"core",10
"1710",317,14,"core",8
"1711",1426,1,"core",19
"1712",1136,11,"core",16
"1713",1037,24,"core",14
"1714",1199,21,"core",7
"1715",1532,5,"core",16
"1716",911,11,"core",13
"1717",475,21,"core",18
"1718",824,28,"core",7
"1719",1512,1,"core",16
"1720",488,5,"core",12
"1721",987,6,"core",18
"1722",85,19,"core",15
"1723",358,12,"core",14
"1724",546,12,"core",16
"1725",436,15,"core",14
"1726",1335,2,"core",15
"1727",816,5,"core",11
"1728",627,16,"core",13
"1729",490,13,"core",15
"1730",1027,27,"core",15
"1731",228,11,"core",13
"1732",916,16,"core",13
"1733",1038,19,"core",15
"1734",5,26,"core",18
"1735",240,28,"core",16
"1736",489,15,"core",15
"1737",239,11,"core",8
"1738",366,27,"core",12
"1739",37,25,"core",18
"1740",1541,15,"core",16
"1741",1088,19,"core",13
"1742",60,27,"core",9
"1743",1380,17,"core",16
"1744",901,23,"core",13
"1745",443,16,"core",14
"1746",843,14,"core",14
"1747",445,25,"core",14
"1748",674,15,"core",10
"1749",1287,8,"core",15
"1750",1028,24,"core",17
"1751",127,13,"core",15
"1752",1251,7,"core",14
"1753",979,16,"core",13
"1754",1568,5,"core",13
"1755",1393,22,"core",19
"1756",1628,25,"core",11
"1757",583,8,"core",10
"1758",1517,23,"core",15
"1759",300,28,"core",18
"1760",1363,12,"core",18
"1761",1526,19,"core",14
"1762",406,8,"core",13
"1763",437,24,"core",13
"1764",1636,2,"core",13
"1765",45,24,"core",10
"1766",276,2,"core",15
"1767",583,8,"core",10
"1768",231,15,"core",13
"1769",1369,15,"core",19
"1770",878,18,"core",12
"1771",196,11,"core",16
"1772",1312,25,"core",13
"1773",724,15,"core",11
"1774",786,25,"core",16
"1775",165,28,"core",13
"1776",524,21,"core",13
"1777",155,15,"core",12
"1778",885,15,"core",15
"1779",966,22,"core",12
"1780",804,8,"core",15
"1781",532,12,"core",16
"1782",525,5,"core",12
"1783",859,23,"core",19
"1784",900,11,"core",11
"1785",1311,21,"core",10
"1786",1039,16,"core",9
"1787",1621,25,"core",13
"1788",328,15,"core",14
"1789",613,13,"core",13
"1790",1550,17,"core",16
"1791",1129,23,"core",13
"1792",1613,4,"core",13
"1793",1408,4,"core",7
"1794",589,9,"core",13
"1795",907,3,"core",13
"1796",1595,16,"core",13
"1797",1639,27,"core",19
"1798",696,24,"core",17
"1799",466,25,"core",8
"1800",283,12,"core",19
"1801",237,1,"core",13
"1802",502,23,"core",17
"1803",991,14,"core",18
"1804",925,3,"core",16
"1805",1300,8,"core",8
"1806",96,17,"core",9
"1807",133,15,"core",14
"1808",704,5,"core",14
"1809",405,25,"core",13
"1810",1460,9,"core",17
"1811",1420,24,"core",15
"1812",1536,11,"core",13
"1813",128,19,"core",12
"1814",548,6,"core",17
"1815",250,11,"core",15
"1816",787,27,"core",10
"1817",676,23,"core",13
"1818",1291,15,"core",14
"1819",1234,8,"core",10
"1820",1580,27,"core",13
"1821",111,28,"core",15
"1822",665,19,"core",15
"1823",123,5,"core",11
"1824",1064,23,"core",15
"1825",72,22,"core",14
"1826",104,4,"core",10
"1827",260,22,"core",9
"1828",1164,12,"core",8
"1829",1094,2,"core",12
"1830",1543,7,"core",16
"1831",1418,11,"core",12
"1832",91,24,"core",14
"1833",1413,8,"core",13
"1834",1221,25,"core",11
"1835",252,21,"core",14
"1836",545,7,"core",16
"1837",131,25,"core",16
"1838",678,17,"core",19
"1839",40,7,"core",15
"1840",514,11,"core",18
"1841",1569,27,"core",9
"1842",952,11,"core",16
"1843",130,24,"core",18
"1844",1414,14,"core",14
"1845",1060,21,"core",19
"1846",1399,28,"core",8
"1847",1187,14,"core",14
"1848",500,25,"core",15
"1849",1107,7,"core",10
"1850",1529,24,"core",16
"1851",27,5,"core",14
"1852",655,2,"core",13
"1853",1297,13,"core",13
"1854",950,4,"core",18
"1855",1074,11,"core",13
"1856",312,8,"core",12
"1857",807,22,"core",18
"1858",505,14,"core",12
"1859",910,24,"core",9
"1860",1564,1,"core",14
"1861",1427,3,"core",13
"1862",1281,28,"core",11
"1863",478,11,"core",13
"1864",344,19,"core",7
"1865",287,5,"core",13
"1866",1273,27,"core",15
"1867",789,12,"core",15
"1868",1217,5,"core",13
"1869",1565,5,"core",8
"1870",847,8,"core",13
"1871",568,3,"core",16
"1872",1283,13,"core",17
"1873",1267,24,"core",9
"1874",1607,25,"core",13
"1875",1500,23,"core",8
"1876",418,15,"core",12
"1877",656,22,"core",13
"1878",408,24,"core",11
"1879",960,11,"core",16
"1880",708,27,"core",13
"1881",997,5,"core",9
"1882",1457,27,"core",13
"1883",448,14,"core",18
"1884",92,28,"core",13
"1885",513,16,"core",16
"1886",581,4,"core",15
"1887",110,22,"core",15
"1888",1118,14,"core",14
"1889",357,11,"core",14
"1890",265,2,"core",9
"1891",746,25,"core",11
"1892",153,11,"core",13
"1893",1081,24,"core",9
"1894",681,1,"core",13
"1895",253,12,"core",13
"1896",818,7,"core",13
"1897",364,11,"core",10
"1898",254,23,"core",14
"1899",460,15,"core",15
"1900",1615,28,"core",7
"1901",392,20,"core",11
"1902",1513,13,"core",17
"1903",107,25,"core",13
"1904",1311,21,"core",10
"1905",1054,14,"core",17
"1906",1143,8,"core",20
"1907",518,5,"core",15
"1908",378,12,"core",13
"1909",1321,24,"core",15
"1910",83,7,"core",15
"1911",27,5,"core",14
"1912",458,2,"core",15
"1913",882,2,"core",10
"1914",1659,17,"core",13
"1915",394,21,"core",7
"1916",1002,5,"core",12
"1917",491,23,"core",14
"1918",226,24,"core",14
"1919",782,3,"core",12
"1920",603,13,"core",10
"1921",113,5,"core",14
"1922",772,18,"core",10
"1923",426,16,"core",15
"1924",1304,9,"core",17
"1925",1195,15,"core",12
"1926",1656,16,"core",19
"1927",1080,16,"core",16
"1928",179,5,"core",9
"1929",1567,1,"core",15
"1930",546,12,"core",16
"1931",1524,15,"core",13
"1932",519,1,"core",15
"1933",865,27,"core",13
"1934",11,24,"core",16
"1935",1043,2,"core",16
"1936",268,2,"core",14
"1937",310,7,"core",13
"1938",1073,20,"core",15
"1939",261,11,"core",16
"1940",1470,17,"core",15
"1941",291,27,"core",13
"1942",50,2,"core",17
"1943",894,3,"core",14
"1944",1519,27,"core",10
"1945",20,16,"core",8
"1946",64,27,"core",18
"1947",1439,4,"core",11
"1948",1182,14,"core",15
"1949",87,14,"core",11
"1950",967,3,"core",14
"1951",169,28,"core",19
"1952",1117,21,"core",15
"1953",337,19,"core",19
"1954",1644,28,"core",12
"1955",1184,25,"core",11
"1956",552,24,"core",13
"1957",1166,24,"core",9
"1958",318,4,"core",16
"1959",1033,2,"core",13
"1960",164,8,"core",12
"1961",1429,11,"core",16
"1962",143,4,"core",15
"1963",802,15,"core",13
"1964",166,12,"core",7
"1965",477,21,"core",10
"1966",288,16,"core",15
"1967",1520,21,"core",7
"1968",842,1,"core",9
"1969",275,11,"core",13
"1970",1463,17,"core",8
"1971",1377,24,"core",9
"1972",611,14,"core",15
"1973",56,2,"core",13
"1974",82,16,"core",8
"1975",1137,19,"core",13
"1976",1488,5,"core",14
"1977",1360,24,"core",13
"1978",1573,27,"core",14
"1979",1349,3,"core",15
"1980",449,8,"core",8
"1981",553,11,"core",18
"1982",2,24,"core",14
"1983",899,2,"core",19
"1984",594,17,"core",15
"1985",1203,19,"core",10
"1986",897,9,"core",18
"1987",1031,11,"core",14
"1988",942,4,"core",18
"1989",1270,8,"core",13
"1990",175,5,"core",13
"1991",889,12,"core",11
"1992",181,11,"core",8
"1993",750,19,"core",15
"1994",805,24,"core",13
"1995",617,3,"core",16
"1996",439,21,"core",13
"1997",880,21,"core",15
"1998",273,20,"core",9
"1999",948,22,"core",18
"2000",597,21,"core",8
